{"cameraMode":{"drawMode":0,"name":"Shaded","section":"Shading Mode"},"sceneLighting":false,"audioPlay":false,"sceneViewState":{"showFog":true,"showMaterialUpdate":false,"showSkybox":true,"showFlares":true,"showImageEffects":true,"showParticleSystems":true},"in2DMode":false,"pivot":{"x":-14.298515319824219,"y":13.799107551574707,"z":-40.098880767822269},"rotation":{"x":-0.0011457039508968592,"y":0.9620601534843445,"z":-0.27280521392822268,"w":-0.004040719475597143},"size":3.695976734161377,"orthographic":false}