{"cameraMode":{"drawMode":0,"name":"Shaded","section":"Shading Mode"},"sceneLighting":true,"audioPlay":false,"sceneViewState":{"showFog":true,"showMaterialUpdate":false,"showSkybox":true,"showFlares":true,"showImageEffects":true,"showParticleSystems":true},"in2DMode":false,"pivot":{"x":647.845947265625,"y":-96.43719482421875,"z":628.6509399414063},"rotation":{"x":-0.24863946437835694,"y":0.16950993239879609,"z":-0.04424300417304039,"w":-0.9526214003562927},"size":1271.8507080078125,"orthographic":false}